fitness,lr0,lrf,momentum,weight_decay,warmup_epochs,warmup_momentum,box,cls,dfl,hsv_h,hsv_s,hsv_v,degrees,translate,scale,shear,perspective,flipud,fliplr,mosaic,mixup,copy_paste
0.2529,0.01,0.01,0.937,0.0005,3.0,0.8,7.5,0.5,1.5,0.015,0.7,0.4,0.0,0.1,0.5,0.0,0.0,0.0,0.5,1.0,0.0,0.0
0.20899,0.01167,0.01082,0.94867,0.00059,3.0,0.55962,7.7383,0.41197,1.56154,0.01384,0.7956,0.4469,0.0,0.10107,0.47601,0.0,0.0,0.0,0.46505,1.0,0.0,0.0
0.21173,0.01213,0.00993,0.96223,0.00048,3.08533,0.87359,8.11588,0.59977,1.5,0.01312,0.68465,0.43739,0.0,0.1,0.5,0.0,0.0,0.0,0.51334,0.93736,0.0,0.0
0.27535,0.00967,0.01006,0.937,0.00051,3.0,0.75085,7.45767,0.53716,1.46137,0.01616,0.7,0.43154,0.0,0.097,0.5,0.0,0.0,0.0,0.5,1.0,0.0,0.0
0.21924,0.00976,0.01006,0.98,0.00054,3.0209,0.75085,7.45767,0.62298,1.28914,0.01616,0.51658,0.43154,0.0,0.10519,0.52563,0.0,0.0,0.0,0.47271,1.0,0.0,0.0
0.26087,0.00704,0.00701,0.97039,0.00036,2.90278,0.75085,3.78977,0.52167,1.94662,0.0194,0.87343,0.43776,0.0,0.09775,0.47964,0.0,0.0,0.0,0.45293,0.74602,0.0,0.0
0.26718,0.00646,0.00761,0.96573,0.00042,2.43546,0.7185,3.12385,0.39568,2.33997,0.01674,0.87343,0.43776,0.0,0.10959,0.44252,0.0,0.0,0.0,0.546,0.45484,0.0,0.0
0.27209,0.00646,0.00682,0.96766,0.00038,2.62691,0.74368,4.36985,0.54985,1.94662,0.02001,0.9,0.45107,0.0,0.09225,0.5005,0.0,0.0,0.0,0.44525,0.69572,0.0,0.0
0.26453,0.00995,0.01006,0.93263,0.00051,2.5561,0.77304,8.71991,0.53716,1.20042,0.01714,0.57787,0.43154,0.0,0.097,0.5,0.0,0.0,0.0,0.46624,1.0,0.0,0.0
0.25546,0.00654,0.00588,0.9615,0.00038,2.87253,0.86987,5.3568,0.50823,1.93308,0.02001,0.79974,0.43298,0.0,0.09225,0.53309,0.0,0.0,0.0,0.44525,0.69572,0.0,0.0
0.25276,0.00646,0.00682,0.98,0.00045,3.08673,0.83784,5.26589,0.54985,1.95919,0.01471,0.8085,0.45107,0.0,0.08522,0.48275,0.0,0.0,0.0,0.44525,0.63352,0.0,0.0
0.23421,0.00881,0.01006,0.93263,0.0006,2.87326,0.77304,8.14077,0.56826,1.12335,0.0199,0.57787,0.39717,0.0,0.097,0.43775,0.0,0.0,0.0,0.50638,1.0,0.0,0.0
0.23528,0.00721,0.00587,0.98,0.00036,2.75202,0.87796,4.35182,0.5122,2.1087,0.0181,0.9,0.45107,0.0,0.0898,0.44136,0.0,0.0,0.0,0.4462,0.57905,0.0,0.0
0.24786,0.00897,0.00791,0.937,0.0005,2.62731,0.71397,7.45767,0.61294,1.32467,0.0131,0.73243,0.39937,0.0,0.11048,0.5,0.0,0.0,0.0,0.54758,1.0,0.0,0.0
0.24112,0.00646,0.00761,0.98,0.00043,2.7647,0.6591,3.12385,0.39568,1.75812,0.01674,0.9,0.46503,0.0,0.12,0.54134,0.0,0.0,0.0,0.62218,0.47261,0.0,0.0
0.31144,0.00646,0.0058,0.92665,0.00038,2.61401,0.89273,4.60282,0.59487,1.98032,0.01864,0.9,0.45107,0.0,0.08473,0.5005,0.0,0.0,0.0,0.44525,0.62211,0.0,0.0
0.27347,0.00646,0.0064,0.97598,0.00037,2.53876,0.90115,5.22658,0.45121,2.02272,0.02019,0.9,0.45107,0.0,0.07355,0.577,0.0,0.0,0.0,0.40532,0.62211,0.0,0.0
0.22107,0.00637,0.0065,0.97465,0.00037,2.50969,0.88927,5.23822,0.45121,2.037,0.02015,0.89237,0.45107,0.0,0.07249,0.577,0.0,0.0,0.0,0.40534,0.61223,0.0,0.0
0.28624,0.00568,0.00628,0.96774,0.00033,2.62691,0.92405,3.90673,0.54683,2.34099,0.018,0.9,0.45107,0.0,0.07818,0.52784,0.0,0.0,0.0,0.45846,0.69572,0.0,0.0
0.27147,0.00605,0.00628,0.98,0.00032,2.46932,0.95,3.90673,0.59489,2.79539,0.01961,0.9,0.48813,0.0,0.07818,0.40333,0.0,0.0,0.0,0.38745,0.83782,0.0,0.0
0.30033,0.00546,0.00608,0.96671,0.00033,2.58832,0.91782,3.88429,0.55058,2.34099,0.01816,0.9,0.45542,0.0,0.07818,0.527,0.0,0.0,0.0,0.45209,0.69572,0.0,0.0
0.30357,0.00661,0.00575,0.92665,0.00038,2.53402,0.88389,4.59468,0.60388,2.01978,0.01864,0.9,0.45608,0.0,0.08473,0.50423,0.0,0.0,0.0,0.45415,0.62078,0.0,0.0
0.27123,0.00546,0.00615,0.96671,0.00032,2.98452,0.95,4.58472,0.53296,1.67011,0.01816,0.9,0.45542,0.0,0.07818,0.47628,0.0,0.0,0.0,0.47844,0.72611,0.0,0.0
0.31,0.00568,0.00484,0.91751,0.00031,2.62691,0.95,3.59136,0.51354,2.56518,0.01393,0.9,0.44166,0.0,0.07818,0.55767,0.0,0.0,0.0,0.41507,0.69572,0.0,0.0
0.2999,0.0067,0.00608,0.90095,0.00036,2.42699,0.88389,4.59468,0.60388,2.01978,0.0183,0.78433,0.41526,0.0,0.08975,0.50423,0.0,0.0,0.0,0.45415,0.55719,0.0,0.0
0.30541,0.00604,0.00484,0.86169,0.00029,2.5673,0.86515,3.94975,0.58661,2.56518,0.01393,0.9,0.36622,0.0,0.08996,0.67891,0.0,0.0,0.0,0.41507,0.75143,0.0,0.0
0.3032,0.00646,0.00618,0.92665,0.00037,3.14809,0.9212,4.33628,0.63814,1.89338,0.01864,0.87914,0.37271,0.0,0.08356,0.38485,0.0,0.0,0.0,0.36878,0.69022,0.0,0.0
0.28375,0.00624,0.00556,0.93694,0.00038,2.61401,0.89333,4.68013,0.65368,2.02504,0.01864,0.8901,0.45107,0.0,0.08704,0.44814,0.0,0.0,0.0,0.46033,0.62211,0.0,0.0
0.28069,0.00715,0.00484,0.91751,0.00032,2.62691,0.95,4.2366,0.51354,3.24146,0.0158,0.87477,0.54122,0.0,0.10108,0.4363,0.0,0.0,0.0,0.50295,0.58057,0.0,0.0
0.33385,0.0038,0.00484,0.88173,0.00023,2.43715,0.82625,3.94975,0.44127,2.59294,0.01532,0.9,0.37697,0.0,0.082,0.67891,0.0,0.0,0.0,0.37853,0.80189,0.0,0.0
0.28361,0.00595,0.00467,0.86176,0.00029,2.39072,0.89102,3.70411,0.63529,2.56518,0.01413,0.9,0.34517,0.0,0.08996,0.68084,0.0,0.0,0.0,0.42032,0.73593,0.0,0.0
0.30692,0.00436,0.00441,0.88209,0.00025,2.5046,0.82625,4.74833,0.47604,3.14471,0.0148,0.9,0.39819,0.0,0.082,0.67891,0.0,0.0,0.0,0.32132,0.66859,0.0,0.0
0.30092,0.00528,0.00513,0.91751,0.00033,2.86346,0.84162,3.66868,0.51064,2.39589,0.01393,0.9,0.44471,0.0,0.08704,0.54698,0.0,0.0,0.0,0.41507,0.57038,0.0,0.0
0.33766,0.00385,0.00479,0.87406,0.00023,2.43715,0.82073,3.93599,0.42157,2.53444,0.01581,0.9,0.36957,0.0,0.082,0.62512,0.0,0.0,0.0,0.38203,0.82351,0.0,0.0
0.33101,0.0038,0.0049,0.88173,0.00023,2.38969,0.82625,3.94372,0.43981,2.54681,0.01472,0.89685,0.37878,0.0,0.07899,0.63586,0.0,0.0,0.0,0.38585,0.79688,0.0,0.0
0.35274,0.00295,0.00484,0.89904,0.00023,2.13919,0.82625,3.94975,0.3331,2.59294,0.01594,0.9,0.30771,0.0,0.08284,0.66511,0.0,0.0,0.0,0.39117,0.7185,0.0,0.0
0.32738,0.00262,0.00505,0.84581,0.00024,1.82458,0.81387,4.54526,0.46525,2.73994,0.01594,0.9,0.37087,0.0,0.07246,0.9229,0.0,0.0,0.0,0.29013,0.57479,0.0,0.0
0.34305,0.00385,0.00443,0.8764,0.00023,2.52212,0.80716,3.92609,0.42157,2.66576,0.01581,0.89369,0.36039,0.0,0.08353,0.62759,0.0,0.0,0.0,0.36678,0.72617,0.0,0.0
0.33063,0.00295,0.00484,0.90779,0.00023,2.26107,0.82625,3.99089,0.35257,2.59294,0.01618,0.85959,0.28836,0.0,0.08738,0.70159,0.0,0.0,0.0,0.42942,0.74071,0.0,0.0
0.3154,0.00443,0.00454,0.94116,0.0002,2.43715,0.82073,3.98164,0.49084,2.2607,0.01819,0.9,0.40332,0.0,0.0829,0.45413,0.0,0.0,0.0,0.38203,0.56913,0.0,0.0
0.34278,0.00385,0.00412,0.82081,0.00028,2.24414,0.80716,4.60855,0.44916,2.58993,0.01637,0.9,0.34338,0.0,0.09171,0.68226,0.0,0.0,0.0,0.40097,0.66174,0.0,0.0
0.33488,0.00295,0.00487,0.89904,0.00022,2.13919,0.84984,3.89349,0.32397,2.6185,0.01598,0.9,0.30175,0.0,0.08316,0.64835,0.0,0.0,0.0,0.39902,0.69813,0.0,0.0
0.31083,0.00385,0.00447,0.8764,0.00023,2.52441,0.81335,3.91568,0.42495,2.6833,0.01583,0.89517,0.35904,0.0,0.08321,0.62337,0.0,0.0,0.0,0.36678,0.72362,0.0,0.0
0.31292,0.00398,0.00323,0.83187,0.00025,2.33146,0.83596,4.74327,0.44916,2.96335,0.01747,0.9,0.38146,0.0,0.10014,0.56232,0.0,0.0,0.0,0.40097,0.63503,0.0,0.0
0.33396,0.00286,0.00508,0.9002,0.00022,2.33007,0.82625,4.06403,0.3325,2.77009,0.01594,0.9,0.32314,0.0,0.08284,0.59475,0.0,0.0,0.0,0.39117,0.73329,0.0,0.0
0.35181,0.00292,0.00514,0.89904,0.00023,2.1057,0.8434,3.79203,0.31187,2.56032,0.01613,0.9,0.29956,0.0,0.08468,0.66511,0.0,0.0,0.0,0.39493,0.72785,0.0,0.0
0.33025,0.00359,0.00597,0.87421,0.00023,2.52212,0.74838,4.05853,0.45207,2.63674,0.01346,0.9,0.41772,0.0,0.07674,0.67498,0.0,0.0,0.0,0.36678,0.71743,0.0,0.0
0.33997,0.00307,0.00471,0.87656,0.00024,2.2181,0.81942,3.86214,0.34473,2.45788,0.01594,0.9,0.29381,0.0,0.08618,0.70714,0.0,0.0,0.0,0.40204,0.7185,0.0,0.0
0.33017,0.00292,0.00547,0.88735,0.00023,2.3944,0.81432,4.07778,0.31187,2.56032,0.01613,0.9,0.29956,0.0,0.08201,0.55026,0.0,0.0,0.0,0.44237,0.73342,0.0,0.0
0.33664,0.00313,0.00408,0.8643,0.00022,2.17224,0.84443,4.03903,0.37519,3.03254,0.013,0.9,0.30771,0.0,0.09512,0.68382,0.0,0.0,0.0,0.35446,0.62197,0.0,0.0
0.33924,0.00385,0.00401,0.85681,0.0003,1.55839,0.77668,4.17355,0.44916,2.68863,0.01756,0.65894,0.3665,0.0,0.0868,0.68142,0.0,0.0,0.0,0.46915,0.63356,0.0,0.0
0.31822,0.00302,0.00514,0.89904,0.00023,2.05399,0.81996,3.79203,0.31187,2.50002,0.01605,0.9,0.29741,0.0,0.08487,0.6834,0.0,0.0,0.0,0.42264,0.73284,0.0,0.0
0.33493,0.00327,0.00403,0.89904,0.00016,2.14938,0.95,3.79203,0.25977,2.66823,0.01613,0.9,0.29956,0.0,0.08468,0.56293,0.0,0.0,0.0,0.43023,0.69085,0.0,0.0
0.32195,0.00305,0.00484,0.88638,0.00025,2.17277,0.82625,3.91801,0.3368,2.80202,0.0158,0.9,0.34475,0.0,0.08284,0.66213,0.0,0.0,0.0,0.49804,0.81504,0.0,0.0
0.32704,0.00303,0.00473,0.93016,0.00021,2.13919,0.88075,4.19346,0.34656,2.43158,0.01656,0.9,0.30771,0.0,0.08051,0.60138,0.0,0.0,0.0,0.43353,0.70257,0.0,0.0
0.30481,0.00316,0.00514,0.98,0.00023,1.81154,0.95,3.79203,0.31389,2.56032,0.01445,0.78823,0.29956,0.0,0.08468,0.76432,0.0,0.0,0.0,0.33248,1.0,0.0,0.0
0.28402,0.00385,0.00437,0.82081,0.00028,2.24414,0.65573,4.60855,0.41148,3.206,0.01986,0.8171,0.27952,0.0,0.06435,0.58379,0.0,0.0,0.0,0.55081,0.50962,0.0,0.0
0.299,0.00331,0.00399,0.92598,0.00025,2.13919,0.82625,2.7824,0.36102,1.82456,0.01711,0.9,0.34835,0.0,0.07913,0.66511,0.0,0.0,0.0,0.40359,0.87967,0.0,0.0
0.33755,0.0029,0.00514,0.89904,0.00023,2.0917,0.8471,3.79203,0.31067,2.56032,0.01615,0.8972,0.29842,0.0,0.08515,0.66502,0.0,0.0,0.0,0.39609,0.72785,0.0,0.0
0.34116,0.00261,0.00538,0.93324,0.00024,2.29108,0.80219,3.62683,0.33904,2.47964,0.01673,0.9,0.28589,0.0,0.08468,0.55269,0.0,0.0,0.0,0.39493,0.71392,0.0,0.0
0.32861,0.00292,0.00333,0.89904,0.00023,2.28851,0.90244,3.27303,0.31922,2.06106,0.01613,0.76003,0.29956,0.0,0.08468,0.63721,0.0,0.0,0.0,0.34745,0.48187,0.0,0.0
0.31459,0.00292,0.00514,0.89904,0.00022,1.70139,0.88412,3.79203,0.33182,2.59518,0.01475,0.9,0.27073,0.0,0.09274,0.67411,0.0,0.0,0.0,0.39493,0.55684,0.0,0.0
0.33076,0.00292,0.00534,0.89604,0.00022,2.02643,0.8434,4.04051,0.29727,2.59205,0.01613,0.9,0.35041,0.0,0.09173,0.62094,0.0,0.0,0.0,0.415,0.72785,0.0,0.0
0.31447,0.00431,0.00517,0.81439,0.00025,2.56545,0.71421,4.24112,0.44916,2.07626,0.01072,0.9,0.33606,0.0,0.0834,0.59085,0.0,0.0,0.0,0.45074,0.60972,0.0,0.0
0.33471,0.00292,0.00493,0.93827,0.00023,2.27811,0.82799,3.66469,0.31717,2.41171,0.01688,0.87252,0.26386,0.0,0.08468,0.66511,0.0,0.0,0.0,0.42411,0.75219,0.0,0.0
0.3515,0.00292,0.00514,0.87722,0.00021,2.26339,0.8434,3.58289,0.28447,2.56032,0.01559,0.9,0.23984,0.0,0.07945,0.73596,0.0,0.0,0.0,0.40705,0.84896,0.0,0.0
0.33788,0.00253,0.00517,0.90905,0.00023,2.1057,0.8434,3.05014,0.2857,2.47136,0.01706,0.9,0.29956,0.0,0.09023,0.65617,0.0,0.0,0.0,0.44512,0.72785,0.0,0.0
0.32017,0.00319,0.00525,0.84238,0.00024,2.1057,0.8434,3.94113,0.29691,2.18288,0.01288,0.85699,0.19573,0.0,0.09126,0.66511,0.0,0.0,0.0,0.36621,0.68179,0.0,0.0
0.31869,0.00276,0.00511,0.92403,0.00023,2.0074,0.8434,3.79203,0.29858,2.75385,0.01507,0.88786,0.34399,0.0,0.08726,0.5928,0.0,0.0,0.0,0.4783,0.72785,0.0,0.0
0.3312,0.00309,0.00504,0.89904,0.00024,2.10457,0.95,4.09551,0.33965,2.54919,0.0136,0.77392,0.33469,0.0,0.08468,0.66511,0.0,0.0,0.0,0.42427,0.76167,0.0,0.0
0.30995,0.00295,0.00489,0.89904,0.00019,2.19396,0.95,4.85265,0.33124,2.80929,0.02171,0.82941,0.32843,0.0,0.08284,0.62967,0.0,0.0,0.0,0.40477,0.56283,0.0,0.0
0.34025,0.00261,0.00484,0.89904,0.00023,2.18364,0.82625,2.87654,0.38013,2.50826,0.01658,0.76208,0.37146,0.0,0.08284,0.53543,0.0,0.0,0.0,0.39117,0.65426,0.0,0.0
0.33845,0.00287,0.00477,0.89883,0.00023,2.13728,0.82121,3.94975,0.33087,2.58295,0.01593,0.9,0.30771,0.0,0.08321,0.66955,0.0,0.0,0.0,0.40063,0.70783,0.0,0.0
0.34995,0.00321,0.00528,0.89892,0.00022,2.19572,0.89102,3.58813,0.35121,2.56032,0.01444,0.9,0.29956,0.0,0.08453,0.627,0.0,0.0,0.0,0.39493,0.72724,0.0,0.0
0.32299,0.00254,0.00646,0.95867,0.00021,2.26339,0.8434,3.73715,0.20076,2.43376,0.0203,0.83342,0.18009,0.0,0.04686,0.64206,0.0,0.0,0.0,0.4518,0.84896,0.0,0.0
0.34673,0.00292,0.00513,0.89904,0.00023,2.03051,0.89375,3.43955,0.31187,2.30846,0.01593,0.82882,0.29814,0.0,0.08202,0.64546,0.0,0.0,0.0,0.39493,0.74994,0.0,0.0
0.32639,0.00295,0.00478,0.90788,0.00023,1.71342,0.78886,3.62095,0.40854,2.1406,0.01451,0.9,0.31336,0.0,0.06424,0.66511,0.0,0.0,0.0,0.38604,0.67596,0.0,0.0
0.32683,0.00309,0.00514,0.81419,0.00025,1.87195,0.75501,3.76147,0.28447,2.56032,0.01866,0.76042,0.23984,0.0,0.07945,0.63047,0.0,0.0,0.0,0.39119,0.67569,0.0,0.0
0.3279,0.00321,0.00528,0.90204,0.00022,2.19476,0.88482,3.59751,0.34771,2.56032,0.01444,0.89064,0.30324,0.0,0.08453,0.61972,0.0,0.0,0.0,0.39781,0.72747,0.0,0.0
0.31781,0.00339,0.00443,0.93872,0.00021,2.20054,0.89102,3.6837,0.35121,2.73359,0.0127,0.9,0.26325,0.0,0.08453,0.66756,0.0,0.0,0.0,0.41971,0.73014,0.0,0.0
0.31313,0.00306,0.00457,0.92023,0.00022,2.39864,0.85931,3.55844,0.36281,2.30579,0.01323,0.9,0.27036,0.0,0.08453,0.627,0.0,0.0,0.0,0.39275,0.72724,0.0,0.0
0.33516,0.00318,0.00535,0.89186,0.00022,2.15456,0.88761,3.59048,0.35121,2.54247,0.01467,0.9,0.30041,0.0,0.08475,0.627,0.0,0.0,0.0,0.39493,0.72643,0.0,0.0
0.36398,0.00218,0.00599,0.88639,0.00024,2.43773,0.79414,3.58813,0.34594,2.68429,0.01511,0.9,0.31015,0.0,0.10497,0.76473,0.0,0.0,0.0,0.42874,0.66306,0.0,0.0
0.32288,0.00218,0.00584,0.89481,0.00023,2.56876,0.80882,3.60433,0.34402,2.50875,0.01466,0.9,0.31015,0.0,0.10748,0.78378,0.0,0.0,0.0,0.42874,0.67398,0.0,0.0
0.34868,0.00227,0.00841,0.83769,0.00025,2.39287,0.86305,3.3398,0.34594,2.90319,0.0176,0.9,0.31613,0.0,0.12177,0.45992,0.0,0.0,0.0,0.45775,0.76681,0.0,0.0
0.32595,0.00291,0.00469,0.88602,0.00023,2.31987,0.81129,3.94975,0.32955,2.59294,0.01769,0.89668,0.32701,0.0,0.08496,0.66511,0.0,0.0,0.0,0.38633,0.70978,0.0,0.0
0.35648,0.00218,0.00599,0.8864,0.00024,2.43773,0.79411,3.58823,0.34594,2.68427,0.01511,0.89998,0.31016,0.0,0.10497,0.76472,0.0,0.0,0.0,0.42873,0.66308,0.0,0.0
0.33861,0.00213,0.00618,0.8864,0.00024,2.37833,0.80106,3.64046,0.34594,2.68427,0.0145,0.9,0.31016,0.0,0.11124,0.76059,0.0,0.0,0.0,0.42873,0.6479,0.0,0.0
0.32889,0.00218,0.00599,0.93081,0.00024,2.28374,0.79411,2.93793,0.34594,2.68427,0.01722,0.9,0.28278,0.0,0.10554,0.76212,0.0,0.0,0.0,0.42873,0.66308,0.0,0.0
0.33346,0.00221,0.00599,0.88285,0.00024,2.4488,0.80306,3.57592,0.33962,2.68279,0.01507,0.88745,0.31316,0.0,0.10419,0.76789,0.0,0.0,0.0,0.42643,0.63483,0.0,0.0
0.35013,0.00179,0.00662,0.88353,0.00024,2.34846,0.79414,3.89813,0.37792,2.58926,0.01364,0.9,0.25452,0.0,0.10497,0.76473,0.0,0.0,0.0,0.44855,0.81945,0.0,0.0
0.32806,0.00251,0.00484,0.88336,0.00024,1.9859,0.65014,4.95513,0.30601,2.53112,0.01717,0.9,0.3191,0.0,0.08141,0.50063,0.0,0.0,0.0,0.4466,0.7185,0.0,0.0
0.33685,0.00275,0.00535,0.88639,0.00021,2.43773,0.86618,3.58813,0.47817,2.68429,0.0173,0.9,0.31015,0.0,0.10124,0.75647,0.0,0.0,0.0,0.48246,0.78723,0.0,0.0
0.35297,0.00233,0.00506,0.8695,0.00024,2.43773,0.90874,4.22679,0.34672,2.77601,0.01617,0.9,0.3629,0.0,0.10497,0.76453,0.0,0.0,0.0,0.46485,0.76325,0.0,0.0
0.33957,0.00269,0.00608,0.84358,0.00024,2.7964,0.83092,3.69499,0.44092,3.82555,0.01801,0.89998,0.31016,0.0,0.12712,0.82387,0.0,0.0,0.0,0.47735,0.66378,0.0,0.0
0.33044,0.0028,0.00531,0.93576,0.00025,1.9829,0.81975,3.63518,0.3331,2.68217,0.01525,0.9,0.29356,0.0,0.08765,0.68248,0.0,0.0,0.0,0.39802,0.69804,0.0,0.0
0.29757,0.00286,0.00506,0.88634,0.00025,2.78044,0.94787,4.60085,0.34672,2.52838,0.01338,0.72808,0.3629,0.0,0.10185,0.68432,0.0,0.0,0.0,0.53425,0.61996,0.0,0.0
0.3318,0.00218,0.00593,0.8864,0.00024,2.76115,0.85656,3.36452,0.33581,2.67767,0.01511,0.8886,0.24443,0.0,0.10497,0.69159,0.0,0.0,0.0,0.51064,0.68039,0.0,0.0
0.31325,0.00218,0.00599,0.85485,0.00024,2.97775,0.78454,3.03692,0.20827,1.75179,0.01369,0.9,0.22883,0.0,0.08197,0.76991,0.0,0.0,0.0,0.38366,0.52213,0.0,0.0
0.34968,0.00204,0.00595,0.87981,0.00023,2.61659,0.76129,3.26814,0.35416,2.55805,0.01342,0.9,0.31028,0.0,0.10497,0.72093,0.0,0.0,0.0,0.44151,0.60835,0.0,0.0
0.33138,0.00165,0.00556,0.85943,0.00021,3.2365,0.75729,4.23507,0.33308,2.68429,0.01511,0.9,0.27408,0.0,0.11049,0.76473,0.0,0.0,0.0,0.42874,0.66306,0.0,0.0
0.31498,0.00218,0.00551,0.94542,0.00024,2.38808,0.76669,3.58813,0.39913,2.85725,0.02017,0.88084,0.25763,0.0,0.12227,0.72199,0.0,0.0,0.0,0.40355,0.66306,0.0,0.0
0.35352,0.00218,0.00668,0.88181,0.00026,2.43773,0.82706,3.87685,0.35501,2.79061,0.01446,0.78187,0.31016,0.0,0.08081,0.76472,0.0,0.0,0.0,0.40363,0.70271,0.0,0.0
0.34217,0.00201,0.0052,0.8904,0.00029,2.80078,0.79414,3.58813,0.34594,2.58747,0.01511,0.9,0.35338,0.0,0.10497,0.76504,0.0,0.0,0.0,0.44043,0.63146,0.0,0.0
0.34881,0.00233,0.00412,0.8864,0.00022,2.43773,0.78825,3.60556,0.34594,1.84411,0.01511,0.89998,0.31061,0.0,0.09558,0.76472,0.0,0.0,0.0,0.48132,0.63993,0.0,0.0
0.31196,0.00208,0.00597,0.88639,0.00026,2.4608,0.78122,3.86646,0.3432,2.68429,0.01568,0.9,0.33645,0.0,0.1051,0.80009,0.0,0.0,0.0,0.42165,0.67487,0.0,0.0
0.33745,0.00234,0.00606,0.88639,0.00025,2.43773,0.69691,3.63353,0.3806,2.21669,0.01409,0.9,0.29086,0.0,0.09362,0.69506,0.0,0.0,0.0,0.41329,0.66306,0.0,0.0
0.35044,0.00218,0.00655,0.87624,0.00022,2.42046,0.74689,4.1294,0.34594,2.63505,0.01318,0.89998,0.34444,0.0,0.08827,0.90236,0.0,0.0,0.0,0.42399,0.71541,0.0,0.0
0.31888,0.00218,0.00537,0.80856,0.00031,2.44716,0.8237,4.09978,0.36253,2.40226,0.0177,0.82521,0.24324,0.0,0.08456,0.8449,0.0,0.0,0.0,0.48514,0.65611,0.0,0.0
0.37276,0.00199,0.00599,0.88149,0.00024,2.47912,0.75082,3.66849,0.34223,2.70472,0.01511,0.84658,0.31016,0.0,0.10948,0.82201,0.0,0.0,0.0,0.45634,0.69178,0.0,0.0
0.34986,0.00199,0.00676,0.87551,0.00026,2.92168,0.80083,3.66849,0.32766,2.75166,0.01427,0.85467,0.34321,0.0,0.11861,0.81244,0.0,0.0,0.0,0.55428,0.62141,0.0,0.0
0.35799,0.00199,0.00599,0.87854,0.00023,2.46562,0.73837,3.85101,0.33709,2.82393,0.01429,0.85078,0.2854,0.0,0.10561,0.7835,0.0,0.0,0.0,0.47284,0.72298,0.0,0.0
0.37223,0.00215,0.00593,0.87965,0.00025,2.45246,0.79414,3.5873,0.34692,2.74031,0.01541,0.8689,0.30987,0.0,0.10497,0.77701,0.0,0.0,0.0,0.41899,0.66692,0.0,0.0
0.3417,0.00193,0.00599,0.88876,0.00026,2.48436,0.78271,3.85372,0.35605,2.86258,0.01511,0.84658,0.31016,0.0,0.1088,0.80984,0.0,0.0,0.0,0.45617,0.69178,0.0,0.0
0.34472,0.00221,0.00644,0.89049,0.00024,2.5391,0.6729,3.39799,0.35403,2.75607,0.01558,0.9,0.30987,0.0,0.11916,0.73456,0.0,0.0,0.0,0.4787,0.69186,0.0,0.0
0.34291,0.00208,0.00592,0.88639,0.00022,2.47535,0.79414,3.58813,0.34594,3.10336,0.01412,0.86165,0.24806,0.0,0.09237,0.76473,0.0,0.0,0.0,0.43036,0.66306,0.0,0.0
0.3671,0.00215,0.0062,0.83728,0.0003,2.66477,0.74002,3.74757,0.39244,2.74031,0.02111,0.9,0.30921,0.0,0.10497,0.77701,0.0,0.0,0.0,0.45658,0.65149,0.0,0.0
0.35328,0.00216,0.00617,0.84167,0.0003,2.67977,0.70545,3.72152,0.38348,2.70442,0.02101,0.9,0.30921,0.0,0.10497,0.79213,0.0,0.0,0.0,0.45691,0.65149,0.0,0.0
0.32063,0.00233,0.00653,0.86395,0.00023,2.8063,0.86804,4.7014,0.34223,2.78456,0.01698,0.9,0.31016,0.0,0.08279,0.58812,0.0,0.0,0.0,0.48753,0.50069,0.0,0.0
0.35029,0.00231,0.00593,0.89207,0.00026,2.34211,0.78535,3.56415,0.29842,2.55023,0.01534,0.59272,0.27989,0.0,0.10771,0.86299,0.0,0.0,0.0,0.34225,0.70457,0.0,0.0
0.33284,0.00215,0.00592,0.81821,0.00019,2.7343,0.61959,3.72878,0.31521,2.76413,0.01623,0.80651,0.37468,0.0,0.08942,0.73783,0.0,0.0,0.0,0.33402,0.74114,0.0,0.0
0.34541,0.00268,0.00593,0.90432,0.00029,2.54707,0.78214,3.15176,0.39864,2.74031,0.01308,0.83523,0.29833,0.0,0.12205,0.77701,0.0,0.0,0.0,0.35492,0.62047,0.0,0.0
0.34511,0.0019,0.00574,0.87965,0.00024,2.5356,0.86884,3.28717,0.32513,2.74031,0.01511,0.8689,0.31626,0.0,0.10473,0.82181,0.0,0.0,0.0,0.49489,0.66922,0.0,0.0
0.3538,0.00225,0.00569,0.87965,0.00022,2.384,0.95,3.15673,0.20717,3.23967,0.01494,0.8689,0.39782,0.0,0.12202,0.77701,0.0,0.0,0.0,0.30251,0.64974,0.0,0.0
0.34925,0.00237,0.00615,0.88062,0.00023,2.43773,0.95,3.44755,0.34594,2.60852,0.01508,0.9,0.2383,0.0,0.10497,0.72404,0.0,0.0,0.0,0.46329,0.66306,0.0,0.0
0.35007,0.00201,0.00603,0.8843,0.00024,2.45463,0.75082,3.84926,0.36151,2.66364,0.01522,0.81033,0.31273,0.0,0.10948,0.83408,0.0,0.0,0.0,0.44352,0.72098,0.0,0.0
0.34996,0.00231,0.00593,0.88149,0.00024,2.51716,0.65182,3.70623,0.34223,2.85992,0.01577,0.9,0.2897,0.0,0.13673,0.87973,0.0,0.0,0.0,0.40201,0.75054,0.0,0.0
0.3332,0.00211,0.00599,0.88639,0.00026,2.56289,0.75917,3.58813,0.33126,2.53912,0.01496,0.9,0.30049,0.0,0.10638,0.76473,0.0,0.0,0.0,0.42897,0.67923,0.0,0.0
0.35194,0.00168,0.00599,0.84853,0.00027,2.94904,0.75082,3.66849,0.27501,2.87451,0.01511,0.9,0.29934,0.0,0.10943,0.95,0.0,0.0,0.0,0.56634,0.616,0.0,0.0
0.35662,0.00205,0.00602,0.86707,0.00025,2.5157,0.77447,3.39874,0.35285,2.8341,0.01583,0.79112,0.29011,0.0,0.11477,0.82112,0.0,0.0,0.0,0.47345,0.69543,0.0,0.0
0.33736,0.00205,0.00599,0.87132,0.00024,2.14322,0.81602,4.37094,0.40219,2.73823,0.01939,0.84658,0.31057,0.0,0.10948,0.82201,0.0,0.0,0.0,0.41389,0.70813,0.0,0.0
0.37199,0.00215,0.0062,0.83709,0.0003,2.66362,0.74018,3.74623,0.39219,2.73981,0.02112,0.9,0.30929,0.0,0.10497,0.77675,0.0,0.0,0.0,0.45656,0.65123,0.0,0.0
0.33911,0.00211,0.00613,0.84533,0.00032,2.54723,0.74002,3.76961,0.39386,2.83636,0.02111,0.9,0.30406,0.0,0.10425,0.76619,0.0,0.0,0.0,0.4839,0.6582,0.0,0.0
0.35337,0.00207,0.00599,0.86438,0.00025,2.51345,0.76993,3.59642,0.3473,2.59856,0.01542,0.9,0.28476,0.0,0.10441,0.70581,0.0,0.0,0.0,0.43339,0.69687,0.0,0.0
0.36428,0.00215,0.00637,0.8849,0.00027,2.32977,0.78633,3.5873,0.32397,2.67466,0.01616,0.86496,0.29833,0.0,0.10497,0.77539,0.0,0.0,0.0,0.44527,0.63695,0.0,0.0
0.33525,0.00199,0.007,0.85812,0.00026,2.72503,0.75042,3.66849,0.34841,2.71098,0.01405,0.84658,0.29277,0.0,0.10948,0.7675,0.0,0.0,0.0,0.45634,0.76194,0.0,0.0
0.3501,0.00198,0.00645,0.87593,0.00025,2.61782,0.75082,3.64764,0.33782,2.85092,0.01484,0.84658,0.31021,0.0,0.10777,0.82201,0.0,0.0,0.0,0.45634,0.64116,0.0,0.0
0.33883,0.00227,0.0053,0.88149,0.00016,3.16839,0.56094,3.33273,0.28687,2.70472,0.01654,0.81689,0.38562,0.0,0.1248,0.92594,0.0,0.0,0.0,0.46145,0.50356,0.0,0.0
0.3384,0.00206,0.00753,0.81325,0.0003,2.21249,0.61599,2.42574,0.39219,2.73981,0.0245,0.9,0.33292,0.0,0.09847,0.77675,0.0,0.0,0.0,0.4146,0.46318,0.0,0.0
0.33427,0.00214,0.00587,0.87965,0.00024,2.53841,0.78534,3.56854,0.34692,2.57134,0.01543,0.86382,0.30751,0.0,0.10063,0.81902,0.0,0.0,0.0,0.43166,0.66692,0.0,0.0
0.35271,0.00204,0.00713,0.88149,0.00018,2.67897,0.75082,3.70286,0.34223,2.97614,0.01482,0.5878,0.27981,0.0,0.11902,0.8098,0.0,0.0,0.0,0.54221,0.68208,0.0,0.0
0.34861,0.00202,0.00579,0.87965,0.00026,2.67,0.75834,3.5873,0.35797,2.74031,0.01436,0.8689,0.31177,0.0,0.10841,0.79317,0.0,0.0,0.0,0.4187,0.66692,0.0,0.0
0.34897,0.00203,0.00586,0.88758,0.00024,2.54787,0.75082,3.66849,0.3499,2.72337,0.01501,0.87477,0.30661,0.0,0.11123,0.82201,0.0,0.0,0.0,0.46695,0.69178,0.0,0.0
0.3062,0.00225,0.00584,0.85736,0.00021,2.6103,0.74768,3.64474,0.22956,2.70472,0.01577,0.84658,0.29706,0.0,0.09844,0.90494,0.0,0.0,0.0,0.38947,0.69178,0.0,0.0
0.34679,0.00215,0.00602,0.83728,0.00029,2.89272,0.7168,3.79088,0.3745,2.60508,0.02247,0.9,0.30921,0.0,0.10497,0.83111,0.0,0.0,0.0,0.47893,0.63972,0.0,0.0
0.33762,0.00216,0.00599,0.86277,0.00023,2.60812,0.74331,3.69726,0.35686,2.57117,0.01572,0.81297,0.31302,0.0,0.11376,0.73138,0.0,0.0,0.0,0.45405,0.69075,0.0,0.0
0.32257,0.00221,0.00564,0.90176,0.00025,2.6611,0.8617,3.74712,0.32086,3.33178,0.01294,0.9,0.34797,0.0,0.10266,0.87745,0.0,0.0,0.0,0.46868,0.60079,0.0,0.0
0.32181,0.00263,0.00491,0.78553,0.0003,2.84172,0.74018,4.7226,0.39383,2.73981,0.02112,0.75038,0.32979,0.0,0.08969,0.77675,0.0,0.0,0.0,0.47363,0.64899,0.0,0.0
0.33384,0.00265,0.00522,0.86167,0.00036,2.35509,0.60202,3.82174,0.39328,2.76402,0.02182,0.78007,0.27365,0.0,0.10497,0.78654,0.0,0.0,0.0,0.25597,0.65123,0.0,0.0
0.34814,0.00214,0.00631,0.83728,0.0003,2.65541,0.74002,3.70567,0.41066,2.75463,0.02043,0.9,0.32138,0.0,0.10144,0.75582,0.0,0.0,0.0,0.45658,0.66793,0.0,0.0
0.38427,0.00186,0.00579,0.91155,0.00023,2.47912,0.75731,3.43993,0.34223,2.28852,0.01417,0.88608,0.25894,0.0,0.10933,0.68285,0.0,0.0,0.0,0.46872,0.69178,0.0,0.0
0.33167,0.00219,0.00537,0.83984,0.00019,1.7796,0.58018,3.66849,0.43082,2.84744,0.01511,0.82424,0.36625,0.0,0.11833,0.85812,0.0,0.0,0.0,0.36953,0.74915,0.0,0.0
0.34146,0.00231,0.00635,0.84205,0.00033,2.66187,0.73885,3.92531,0.43385,2.7741,0.02112,0.9,0.30845,0.0,0.09893,0.82329,0.0,0.0,0.0,0.43567,0.59451,0.0,0.0
0.3144,0.00201,0.00552,0.91155,0.00027,2.54777,0.5683,4.61351,0.36518,2.06022,0.01017,0.9,0.27708,0.0,0.10933,0.66185,0.0,0.0,0.0,0.5009,0.56707,0.0,0.0
0.37287,0.00199,0.00599,0.91608,0.00024,2.47374,0.75082,3.54393,0.3313,2.70472,0.01418,0.84658,0.32223,0.0,0.11448,0.77682,0.0,0.0,0.0,0.45864,0.7367,0.0,0.0
0.36882,0.00187,0.00564,0.91709,0.00025,2.58544,0.73777,3.43993,0.33106,2.28852,0.01588,0.70439,0.28652,0.0,0.13212,0.68285,0.0,0.0,0.0,0.5712,0.69178,0.0,0.0
0.35272,0.00194,0.00554,0.88271,0.00024,2.3839,0.75731,3.45827,0.33037,2.34097,0.01412,0.9,0.27868,0.0,0.09619,0.65781,0.0,0.0,0.0,0.48257,0.70475,0.0,0.0
0.35764,0.00157,0.00501,0.85216,0.00019,2.4697,0.77993,3.27817,0.42994,2.329,0.01571,0.78483,0.25894,0.0,0.10332,0.62855,0.0,0.0,0.0,0.42713,0.82759,0.0,0.0
0.32033,0.00186,0.00579,0.91196,0.00023,2.46639,0.75941,3.44524,0.34098,2.28135,0.01417,0.88337,0.25906,0.0,0.10925,0.68439,0.0,0.0,0.0,0.46872,0.69178,0.0,0.0
0.31453,0.00186,0.00461,0.98,0.00023,2.40662,0.95,3.43993,0.41547,2.89548,0.01314,0.88608,0.19104,0.0,0.08399,0.68285,0.0,0.0,0.0,0.355,0.67884,0.0,0.0
0.33211,0.00181,0.0053,0.91155,0.00022,2.21523,0.77415,3.43993,0.34447,2.246,0.01398,0.9,0.25544,0.0,0.11351,0.68285,0.0,0.0,0.0,0.40009,0.57692,0.0,0.0
0.33517,0.00212,0.00579,0.86196,0.00023,2.74273,0.83462,3.38968,0.34223,2.25582,0.01104,0.88608,0.2334,0.0,0.12506,0.66792,0.0,0.0,0.0,0.43382,0.68626,0.0,0.0
0.31609,0.00225,0.00535,0.92679,0.00026,2.37161,0.76919,3.95432,0.35441,2.16851,0.01417,0.9,0.26855,0.0,0.11841,0.66647,0.0,0.0,0.0,0.46872,0.60831,0.0,0.0
0.35587,0.00156,0.0055,0.82156,0.0002,2.22831,0.75731,3.43993,0.34223,2.28852,0.01365,0.77165,0.22598,0.0,0.09056,0.68285,0.0,0.0,0.0,0.47379,0.70145,0.0,0.0
0.31121,0.00186,0.00583,0.93086,0.00023,2.41758,0.75731,3.43993,0.38392,2.28852,0.01417,0.9,0.29305,0.0,0.11062,0.62341,0.0,0.0,0.0,0.48412,0.69178,0.0,0.0
0.36511,0.00107,0.00401,0.84677,0.00024,3.16468,0.78436,3.64338,0.36013,1.46386,0.01456,0.68216,0.21965,0.0,0.11441,0.73582,0.0,0.0,0.0,0.51885,0.77577,0.0,0.0
0.3379,0.00186,0.00619,0.91155,0.00023,2.53995,0.92337,3.43993,0.29226,2.25142,0.0142,0.66193,0.30682,0.0,0.10335,0.64274,0.0,0.0,0.0,0.57266,0.52454,0.0,0.0
0.3491,0.00224,0.00725,0.91155,0.00027,2.92222,0.72006,3.60628,0.34223,2.28852,0.01299,0.865,0.33811,0.0,0.10274,0.68285,0.0,0.0,0.0,0.45953,0.69178,0.0,0.0
0.36766,0.00157,0.00694,0.90982,0.00023,2.23484,0.75731,3.73335,0.34223,1.8174,0.01438,0.83494,0.30804,0.0,0.14969,0.60662,0.0,0.0,0.0,0.53537,0.69178,0.0,0.0
0.31949,0.00178,0.00513,0.9086,0.00022,2.51104,0.75731,3.51233,0.33767,2.24317,0.01356,0.86962,0.26322,0.0,0.10933,0.68285,0.0,0.0,0.0,0.51707,0.67898,0.0,0.0
0.35162,0.00096,0.00603,0.95288,0.00017,2.32078,0.92573,2.71312,0.27343,2.26737,0.01549,0.9,0.25894,0.0,0.10462,0.68285,0.0,0.0,0.0,0.36406,0.69525,0.0,0.0
0.33165,0.00179,0.006,0.91755,0.00023,2.60231,0.77576,3.28028,0.33943,2.25015,0.01372,0.9,0.25894,0.0,0.1125,0.74658,0.0,0.0,0.0,0.45017,0.66397,0.0,0.0
0.32383,0.00185,0.00598,0.925,0.00023,2.34541,0.78877,3.19919,0.3433,2.19782,0.01417,0.87908,0.25894,0.0,0.11019,0.66985,0.0,0.0,0.0,0.44087,0.66565,0.0,0.0
0.3553,0.00165,0.006,0.93934,0.00024,2.59286,0.76556,3.88556,0.34223,2.12743,0.01519,0.88608,0.27629,0.0,0.11857,0.58441,0.0,0.0,0.0,0.43809,0.69178,0.0,0.0
0.35008,0.00186,0.00632,0.86011,0.00019,2.51612,0.95,3.43993,0.33719,2.28852,0.01265,0.88321,0.25894,0.0,0.10933,0.68285,0.0,0.0,0.0,0.46872,0.69178,0.0,0.0
0.33535,0.00134,0.00597,0.98,0.00023,2.24094,0.7698,4.02752,0.34223,2.7331,0.01417,0.9,0.23568,0.0,0.12932,0.75273,0.0,0.0,0.0,0.44764,0.80685,0.0,0.0
0.3559,0.00211,0.00551,0.82393,0.00023,2.47294,0.82907,3.21724,0.33628,2.70472,0.01707,0.8835,0.31016,0.0,0.11976,0.81574,0.0,0.0,0.0,0.41121,0.74819,0.0,0.0
0.34408,0.00186,0.00539,0.93002,0.00018,2.47912,0.95,3.78398,0.29883,2.28852,0.00853,0.75659,0.25894,0.0,0.11751,0.68285,0.0,0.0,0.0,0.42552,0.70782,0.0,0.0
0.34296,0.00186,0.00579,0.91155,0.00023,2.47912,0.75704,3.44191,0.34228,2.28879,0.01417,0.88638,0.25894,0.0,0.10932,0.68271,0.0,0.0,0.0,0.46872,0.69181,0.0,0.0
0.35547,0.00175,0.00579,0.91155,0.00023,2.90735,0.75731,3.51628,0.35466,2.28852,0.01462,0.9,0.25894,0.0,0.11245,0.66815,0.0,0.0,0.0,0.50353,0.6391,0.0,0.0
0.35807,0.00201,0.00603,0.87896,0.00024,2.50309,0.7562,3.71678,0.3422,2.7576,0.01535,0.84417,0.30639,0.0,0.10688,0.82201,0.0,0.0,0.0,0.46008,0.69178,0.0,0.0
0.3229,0.00173,0.00579,0.96309,0.00022,2.41892,0.75731,3.43993,0.34185,2.28155,0.01423,0.85741,0.28073,0.0,0.09525,0.76951,0.0,0.0,0.0,0.48427,0.65719,0.0,0.0
0.34179,0.00193,0.00582,0.91155,0.00024,2.41561,0.76909,3.42285,0.34231,2.26139,0.01451,0.88543,0.25894,0.0,0.11124,0.68482,0.0,0.0,0.0,0.47785,0.66248,0.0,0.0
0.32831,0.00185,0.00566,0.94426,0.00023,2.45069,0.73229,3.31144,0.34223,2.44762,0.01417,0.8767,0.24205,0.0,0.08885,0.63228,0.0,0.0,0.0,0.46605,0.69178,0.0,0.0
0.32964,0.00186,0.00629,0.95676,0.0002,2.32733,0.74437,4.10578,0.46203,1.95842,0.01555,0.6709,0.27389,0.0,0.10933,0.77634,0.0,0.0,0.0,0.43795,0.62289,0.0,0.0
0.28865,0.00213,0.00828,0.98,0.00019,2.92073,0.6096,3.72453,0.31238,1.84985,0.01417,0.88608,0.24006,0.0,0.0855,0.55642,0.0,0.0,0.0,0.62278,0.7225,0.0,0.0
0.33949,0.00169,0.00601,0.90255,0.00023,2.47912,0.75731,3.43993,0.3105,2.592,0.01409,0.88608,0.25894,0.0,0.14107,0.68285,0.0,0.0,0.0,0.49186,0.71507,0.0,0.0
0.34468,0.00203,0.00579,0.86698,0.00023,2.47912,0.75731,4.03194,0.33393,2.43078,0.01163,0.89012,0.28262,0.0,0.09275,0.45895,0.0,0.0,0.0,0.50184,0.6702,0.0,0.0
0.33988,0.00199,0.00579,0.83577,0.00023,2.19311,0.61981,3.19736,0.29499,2.71776,0.01421,0.9,0.29094,0.0,0.1126,0.68671,0.0,0.0,0.0,0.46207,0.64073,0.0,0.0
0.35471,0.00178,0.00546,0.91573,0.00022,2.47912,0.73804,3.52486,0.34697,2.34867,0.01402,0.87458,0.25894,0.0,0.10812,0.71213,0.0,0.0,0.0,0.46281,0.71609,0.0,0.0
0.34235,0.00187,0.00573,0.91232,0.00023,2.47912,0.75183,3.44536,0.34344,2.27887,0.01404,0.88414,0.25733,0.0,0.10933,0.68316,0.0,0.0,0.0,0.46839,0.68932,0.0,0.0
0.35233,0.00195,0.00539,0.92345,0.00024,2.30774,0.74588,3.43993,0.29981,2.28852,0.01417,0.84665,0.24855,0.0,0.10542,0.68461,0.0,0.0,0.0,0.42436,0.73732,0.0,0.0
0.35046,0.00195,0.00579,0.91155,0.00023,2.58638,0.72463,3.64554,0.33079,2.28852,0.01417,0.88056,0.26391,0.0,0.11525,0.64468,0.0,0.0,0.0,0.4019,0.70468,0.0,0.0
0.33442,0.00199,0.00597,0.91594,0.00024,2.47627,0.75023,3.54849,0.33144,2.7096,0.0142,0.84616,0.32152,0.0,0.11447,0.77781,0.0,0.0,0.0,0.45866,0.7367,0.0,0.0
0.35369,0.00184,0.00556,0.91155,0.00024,2.55793,0.75731,3.43993,0.31806,2.25908,0.01417,0.89499,0.26769,0.0,0.10933,0.67431,0.0,0.0,0.0,0.46872,0.71331,0.0,0.0
0.33162,0.00221,0.00818,0.91135,0.00026,2.99594,0.58018,3.98841,0.45475,2.33588,0.01573,0.9,0.21474,0.0,0.10737,0.86683,0.0,0.0,0.0,0.54033,0.69946,0.0,0.0
0.33595,0.00185,0.00575,0.91148,0.00023,2.50061,0.76049,3.38087,0.34708,2.28495,0.01417,0.8879,0.25894,0.0,0.10911,0.68285,0.0,0.0,0.0,0.46666,0.69545,0.0,0.0
0.33765,0.00186,0.00637,0.92282,0.00023,2.55082,0.76332,3.43993,0.31694,2.24707,0.01252,0.77504,0.26795,0.0,0.10811,0.70884,0.0,0.0,0.0,0.46872,0.71192,0.0,0.0
0.36887,0.00178,0.00645,0.88938,0.00023,2.75705,0.70821,2.96884,0.35435,2.40272,0.01417,0.8749,0.25894,0.0,0.12244,0.64724,0.0,0.0,0.0,0.42492,0.66022,0.0,0.0
0.32751,0.00204,0.00579,0.91155,0.00026,1.8695,0.72704,3.42875,0.3036,2.12387,0.01722,0.9,0.22978,0.0,0.10933,0.75919,0.0,0.0,0.0,0.48136,0.57943,0.0,0.0
0.30323,0.00186,0.00581,0.93435,0.00025,1.08358,0.80891,3.43993,0.42673,2.11293,0.01086,0.88608,0.30997,0.0,0.12442,0.95,0.0,0.0,0.0,0.49974,0.69178,0.0,0.0
0.3463,0.00186,0.00582,0.91122,0.00024,2.47912,0.75367,3.41658,0.33507,2.28567,0.01426,0.88883,0.25922,0.0,0.10933,0.68766,0.0,0.0,0.0,0.46854,0.69886,0.0,0.0
0.36479,0.00158,0.00579,0.9,0.00028,2.47912,0.75731,4.49004,0.29681,2.18758,0.01253,0.83492,0.26737,0.0,0.13329,0.54965,0.0,0.0,0.0,0.44758,0.55469,0.0,0.0
0.34763,0.0019,0.00364,0.84305,0.0002,2.61626,0.59847,3.33703,0.34335,2.28852,0.0138,0.76698,0.35892,0.0,0.10495,0.75092,0.0,0.0,0.0,0.40156,0.79635,0.0,0.0
0.36296,0.00186,0.00718,0.88959,0.00022,2.62358,0.857,4.13996,0.32618,2.51762,0.01188,0.79548,0.20563,0.0,0.09154,0.71879,0.0,0.0,0.0,0.23078,0.72093,0.0,0.0
0.36818,0.00186,0.00508,0.89346,0.00023,2.76863,0.80828,3.35199,0.22324,2.38281,0.0125,0.84837,0.23907,0.0,0.12473,0.65044,0.0,0.0,0.0,0.45672,0.76047,0.0,0.0
0.35122,0.00194,0.00566,0.91282,0.00023,2.33276,0.69782,3.73395,0.37784,2.08168,0.01417,0.9,0.25749,0.0,0.09509,0.71767,0.0,0.0,0.0,0.50443,0.69178,0.0,0.0
0.35141,0.00161,0.00579,0.93809,0.00018,3.14924,0.7629,3.23734,0.34223,2.28852,0.0108,0.88608,0.30019,0.0,0.12943,0.51472,0.0,0.0,0.0,0.46872,0.64801,0.0,0.0
0.3683,0.00228,0.00457,0.84965,0.00023,2.47374,0.75082,2.77233,0.40714,3.81227,0.01439,0.89679,0.32223,0.0,0.11448,0.95,0.0,0.0,0.0,0.50014,0.83379,0.0,0.0
0.35915,0.00193,0.00622,0.89426,0.00021,2.47912,0.79563,3.23519,0.37259,2.31907,0.01414,0.9,0.24388,0.0,0.10447,0.68179,0.0,0.0,0.0,0.47487,0.65807,0.0,0.0
0.34906,0.00201,0.00586,0.95222,0.00026,2.47912,0.75731,3.41001,0.35635,2.55193,0.01498,0.80122,0.27407,0.0,0.10811,0.58625,0.0,0.0,0.0,0.46276,0.68882,0.0,0.0
0.34785,0.00202,0.00761,0.86905,0.00023,2.47912,0.79023,3.19241,0.38932,2.28852,0.01489,0.9,0.20319,0.0,0.10838,0.76307,0.0,0.0,0.0,0.38726,0.67525,0.0,0.0
0.31775,0.00186,0.00579,0.91949,0.00023,2.69915,0.73784,2.89853,0.34223,2.62301,0.0152,0.89999,0.25894,0.0,0.098,0.64805,0.0,0.0,0.0,0.42595,0.67205,0.0,0.0
0.33038,0.00189,0.00666,0.93826,0.00025,2.59026,0.75082,3.62975,0.34929,2.66726,0.01273,0.84093,0.32223,0.0,0.12025,0.72529,0.0,0.0,0.0,0.41027,0.67243,0.0,0.0
0.38152,0.00105,0.00554,0.85409,0.00023,2.47912,0.67483,3.405,0.38737,2.56253,0.01439,0.88608,0.25894,0.0,0.09884,0.71666,0.0,0.0,0.0,0.46667,0.68839,0.0,0.0
0.32741,0.0018,0.00579,0.92885,0.00023,2.38728,0.70532,3.23979,0.35496,2.22398,0.01354,0.88608,0.25001,0.0,0.10676,0.68167,0.0,0.0,0.0,0.4706,0.68798,0.0,0.0
0.33823,0.00203,0.00599,0.87985,0.00024,2.48356,0.75082,3.72883,0.34223,2.6983,0.01459,0.84416,0.31277,0.0,0.11109,0.83895,0.0,0.0,0.0,0.45292,0.69177,0.0,0.0
0.35898,0.00105,0.00546,0.85409,0.00023,2.47535,0.66734,3.48766,0.38737,2.63508,0.01464,0.9,0.27191,0.0,0.09455,0.72303,0.0,0.0,0.0,0.46216,0.66775,0.0,0.0
0.3245,0.00216,0.00579,0.93939,0.00023,2.47912,0.75731,3.43993,0.34864,3.12136,0.0133,0.87351,0.27548,0.0,0.11383,0.74932,0.0,0.0,0.0,0.49966,0.69178,0.0,0.0
0.35189,0.00095,0.00554,0.80772,0.00024,2.49441,0.67483,3.41608,0.37916,2.76536,0.0137,0.82703,0.28609,0.0,0.10656,0.71666,0.0,0.0,0.0,0.47507,0.68105,0.0,0.0
0.3451,0.00208,0.00599,0.88833,0.00024,2.5788,0.75082,3.66849,0.33689,2.72647,0.0157,0.84658,0.31952,0.0,0.10732,0.82201,0.0,0.0,0.0,0.45071,0.62573,0.0,0.0
0.35689,0.00177,0.00579,0.8977,0.00023,2.51631,0.80605,3.31936,0.31043,2.28383,0.01417,0.9,0.25349,0.0,0.10933,0.68259,0.0,0.0,0.0,0.49012,0.68848,0.0,0.0
0.35948,0.00134,0.00507,0.83295,0.00023,2.89341,0.67483,2.87677,0.44084,2.32937,0.01517,0.9,0.21322,0.0,0.09884,0.73843,0.0,0.0,0.0,0.46667,0.81244,0.0,0.0
0.36137,0.00175,0.00614,0.89478,0.00029,2.47176,0.88077,3.89996,0.32693,2.28852,0.01037,0.9,0.32389,0.0,0.10037,0.52964,0.0,0.0,0.0,0.41704,0.70047,0.0,0.0
0.3614,0.00178,0.00606,0.91906,0.00023,2.26441,0.75731,3.43993,0.35319,2.58108,0.01419,0.9,0.28449,0.0,0.11686,0.73835,0.0,0.0,0.0,0.44441,0.75167,0.0,0.0
0.36556,0.00117,0.00476,0.83881,0.00023,2.47912,0.73763,3.54337,0.41062,3.1226,0.01815,0.84898,0.23702,0.0,0.09884,0.69635,0.0,0.0,0.0,0.35295,0.80485,0.0,0.0
0.34281,0.00187,0.00574,0.90938,0.00023,2.46425,0.75731,3.43993,0.34223,2.30466,0.01417,0.88608,0.25907,0.0,0.10933,0.68326,0.0,0.0,0.0,0.46446,0.69149,0.0,0.0
0.35232,0.00105,0.00566,0.85691,0.00023,2.44445,0.66006,3.46187,0.38727,2.69439,0.01439,0.87658,0.25429,0.0,0.09287,0.69027,0.0,0.0,0.0,0.48875,0.70322,0.0,0.0
0.35248,0.00203,0.00534,0.88255,0.00026,2.46887,0.77522,2.71978,0.40343,1.83637,0.01417,0.89427,0.25894,0.0,0.10302,0.66154,0.0,0.0,0.0,0.49862,0.70374,0.0,0.0
0.32909,0.00168,0.00488,0.90195,0.00024,2.47912,0.75731,3.5988,0.40519,2.19955,0.01417,0.79632,0.25671,0.0,0.08601,0.73366,0.0,0.0,0.0,0.63576,0.54289,0.0,0.0
0.35924,0.00186,0.00597,0.92316,0.00023,2.3688,0.67289,3.58424,0.33307,2.32987,0.01396,0.88004,0.26856,0.0,0.10933,0.64216,0.0,0.0,0.0,0.44699,0.6469,0.0,0.0
0.38044,0.00108,0.00554,0.82758,0.00018,1.98892,0.70691,2.8447,0.44682,2.65855,0.01386,0.84018,0.26353,0.0,0.08701,0.78787,0.0,0.0,0.0,0.3589,0.68839,0.0,0.0
0.36256,0.00123,0.00409,0.82758,0.00018,2.20479,0.60539,3.0605,0.41509,1.98502,0.01386,0.82667,0.26353,0.0,0.08249,0.73276,0.0,0.0,0.0,0.37085,0.68839,0.0,0.0
0.34718,0.00186,0.00579,0.92697,0.00023,2.54663,0.72727,3.69082,0.39202,2.3606,0.01301,0.9,0.24929,0.0,0.11021,0.73242,0.0,0.0,0.0,0.46872,0.67085,0.0,0.0
0.36489,0.00108,0.00502,0.80841,0.00017,1.39528,0.79621,3.38271,0.47529,2.90705,0.01461,0.84064,0.24605,0.0,0.08701,0.95,0.0,0.0,0.0,0.34113,0.68839,0.0,0.0
0.34292,0.00186,0.00579,0.91155,0.00023,3.28851,0.81575,3.43993,0.34223,2.46769,0.01501,0.88608,0.24761,0.0,0.11732,0.68285,0.0,0.0,0.0,0.55196,0.65049,0.0,0.0
0.36842,0.00114,0.00703,0.80075,0.00018,2.48916,0.58998,2.94196,0.44041,1.82127,0.01186,0.9,0.25916,0.0,0.08701,0.95,0.0,0.0,0.0,0.33328,0.63988,0.0,0.0
0.33559,0.00197,0.00573,0.92239,0.00023,2.47912,0.75731,3.27371,0.35259,2.21031,0.01363,0.82871,0.25281,0.0,0.10933,0.64943,0.0,0.0,0.0,0.46877,0.67127,0.0,0.0
0.3489,0.00183,0.00591,0.91155,0.00023,2.52937,0.77637,3.31954,0.34904,2.2698,0.01417,0.9,0.27159,0.0,0.10716,0.67414,0.0,0.0,0.0,0.45604,0.70937,0.0,0.0
0.34718,0.00186,0.00579,0.88946,0.00023,2.77725,0.75731,3.78353,0.31489,2.06597,0.01398,0.9,0.24768,0.0,0.12217,0.80047,0.0,0.0,0.0,0.43746,0.68521,0.0,0.0
0.36349,0.00105,0.00561,0.85409,0.00023,2.45817,0.66363,3.405,0.37299,2.56253,0.01439,0.9,0.28655,0.0,0.0839,0.56327,0.0,0.0,0.0,0.5181,0.66005,0.0,0.0
0.36254,0.00108,0.00428,0.87093,0.00022,1.89669,0.70691,2.86838,0.46349,2.69209,0.01353,0.61527,0.24073,0.0,0.08701,0.78787,0.0,0.0,0.0,0.38238,0.68839,0.0,0.0
0.35522,0.00108,0.00558,0.84973,0.00016,2.11564,0.60905,3.41327,0.44682,2.47414,0.01295,0.72376,0.26353,0.0,0.09595,0.63399,0.0,0.0,0.0,0.34697,0.68944,0.0,0.0
0.34181,0.00194,0.00614,0.91771,0.00024,2.47912,0.77913,3.43993,0.32281,2.09535,0.01439,0.88608,0.24206,0.0,0.10933,0.75474,0.0,0.0,0.0,0.45549,0.70513,0.0,0.0
0.36957,0.00101,0.00655,0.76859,0.00023,2.47912,0.6729,2.8079,0.30282,2.52145,0.01439,0.9,0.27874,0.0,0.09884,0.91728,0.0,0.0,0.0,0.39808,0.52574,0.0,0.0
0.35587,0.00113,0.00596,0.85409,0.00022,2.48907,0.66127,3.76624,0.38737,2.56253,0.01539,0.9,0.25894,0.0,0.09665,0.64315,0.0,0.0,0.0,0.46818,0.71614,0.0,0.0
0.36337,0.00186,0.00558,0.91658,0.00022,2.2895,0.75731,3.34096,0.36139,2.19366,0.01417,0.896,0.27552,0.0,0.12182,0.65501,0.0,0.0,0.0,0.47307,0.70488,0.0,0.0
0.36962,0.00116,0.0052,0.82758,0.00018,1.98892,0.70691,2.77906,0.42802,2.63443,0.01386,0.78183,0.26353,0.0,0.08334,0.80075,0.0,0.0,0.0,0.33211,0.68839,0.0,0.0
0.34749,0.00183,0.00579,0.91155,0.00024,2.54835,0.90229,4.41384,0.31355,2.30894,0.01691,0.88608,0.24073,0.0,0.10933,0.68285,0.0,0.0,0.0,0.44875,0.60236,0.0,0.0
0.34831,0.00188,0.00582,0.91114,0.00023,2.4815,0.76145,3.43214,0.34223,2.26432,0.01426,0.88706,0.25894,0.0,0.10956,0.68666,0.0,0.0,0.0,0.47403,0.69854,0.0,0.0
0.35762,0.00141,0.00581,0.92288,0.00023,3.37417,0.75731,3.49307,0.31182,2.2412,0.01599,0.79703,0.29813,0.0,0.11942,0.83323,0.0,0.0,0.0,0.5867,0.69178,0.0,0.0
0.36352,0.00104,0.00546,0.85656,0.00023,2.47912,0.67582,3.37502,0.39374,2.56253,0.01439,0.88935,0.26039,0.0,0.09701,0.72584,0.0,0.0,0.0,0.4513,0.71076,0.0,0.0
0.37409,0.00114,0.00554,0.81796,0.00025,2.13136,0.66014,2.8644,0.37306,2.27358,0.01439,0.9,0.24651,0.0,0.08465,0.73205,0.0,0.0,0.0,0.45693,0.70151,0.0,0.0
0.35326,0.00115,0.00554,0.80423,0.00017,1.65793,0.70691,2.86937,0.42597,3.11543,0.01338,0.82639,0.26353,0.0,0.07328,0.82466,0.0,0.0,0.0,0.32408,0.64493,0.0,0.0
0.36607,0.00109,0.00554,0.82758,0.00018,2.00482,0.714,2.8206,0.43862,2.66936,0.01386,0.84018,0.26331,0.0,0.08754,0.79336,0.0,0.0,0.0,0.35489,0.70189,0.0,0.0
0.37506,0.00109,0.00554,0.82554,0.0002,1.98892,0.76081,2.94148,0.47817,2.65855,0.01386,0.85097,0.25019,0.0,0.08701,0.86479,0.0,0.0,0.0,0.33819,0.71891,0.0,0.0
0.3713,0.00186,0.00659,0.91047,0.00022,2.13874,0.93298,3.41587,0.34608,2.26544,0.0132,0.88608,0.2948,0.0,0.08395,0.54797,0.0,0.0,0.0,0.51716,0.79384,0.0,0.0
0.37695,0.00101,0.00574,0.82758,0.00018,2.08716,0.71719,2.82853,0.39169,2.78681,0.01341,0.84175,0.28436,0.0,0.08712,0.78787,0.0,0.0,0.0,0.3687,0.70826,0.0,0.0
0.3708,0.00108,0.00554,0.93794,0.00018,1.686,0.81731,2.8447,0.3928,2.57307,0.01159,0.75798,0.28001,0.0,0.08471,0.78787,0.0,0.0,0.0,0.38077,0.73733,0.0,0.0
0.35332,0.00105,0.00554,0.85409,0.00024,2.35972,0.58928,3.86049,0.35757,2.45306,0.0172,0.70659,0.23171,0.0,0.09884,0.61861,0.0,0.0,0.0,0.46667,0.73401,0.0,0.0
0.37027,0.00136,0.00609,0.826,0.00022,1.84354,0.7565,2.8447,0.46747,2.76678,0.01804,0.68979,0.2878,0.0,0.08142,0.83101,0.0,0.0,0.0,0.3589,0.7508,0.0,0.0
0.37305,0.00108,0.00554,0.869,0.00018,2.07732,0.6133,2.8447,0.2713,2.97556,0.01542,0.9,0.26353,0.0,0.11161,0.78536,0.0,0.0,0.0,0.3589,0.84855,0.0,0.0
0.39102,0.00105,0.00554,0.80569,0.00027,2.47912,0.72036,3.47315,0.29911,3.32579,0.01291,0.88608,0.25115,0.0,0.10608,0.78376,0.0,0.0,0.0,0.35045,0.64963,0.0,0.0
0.37211,0.00102,0.00554,0.81612,0.00026,2.47912,0.72036,3.47315,0.3001,3.24973,0.01347,0.86027,0.25115,0.0,0.10899,0.76565,0.0,0.0,0.0,0.35077,0.65778,0.0,0.0
0.36147,0.00198,0.00579,0.91155,0.00023,2.92144,0.77884,3.47622,0.34845,2.14007,0.01323,0.77897,0.25561,0.0,0.10185,0.51511,0.0,0.0,0.0,0.56636,0.66767,0.0,0.0
0.36711,0.001,0.00575,0.82292,0.00026,2.84423,0.70865,4.2425,0.27639,3.15706,0.01291,0.89475,0.25148,0.0,0.10242,0.75218,0.0,0.0,0.0,0.35183,0.76613,0.0,0.0
0.35523,0.00186,0.00491,0.88544,0.00021,2.33259,0.66257,3.46111,0.33023,2.61029,0.01486,0.9,0.24427,0.0,0.10207,0.72028,0.0,0.0,0.0,0.42138,0.69178,0.0,0.0
0.37301,0.00105,0.00505,0.80829,0.00027,2.52666,0.74594,3.33553,0.29911,3.32579,0.01308,0.9,0.24069,0.0,0.10712,0.78376,0.0,0.0,0.0,0.3605,0.64963,0.0,0.0
0.37774,0.00102,0.0056,0.80555,0.00026,2.56263,0.72036,3.47315,0.30203,3.25179,0.01338,0.88608,0.25115,0.0,0.10653,0.77803,0.0,0.0,0.0,0.35045,0.64694,0.0,0.0
0.37218,0.00105,0.00563,0.86194,0.00021,2.87481,0.5857,4.52014,0.34006,3.32579,0.00908,0.76694,0.15168,0.0,0.0789,0.79018,0.0,0.0,0.0,0.3715,0.70658,0.0,0.0
0.36463,0.00095,0.00452,0.85409,0.00026,2.16226,0.69441,3.33438,0.34172,2.56253,0.01523,0.83674,0.25338,0.0,0.10066,0.69164,0.0,0.0,0.0,0.46667,0.66989,0.0,0.0
0.34008,0.00186,0.00543,0.92663,0.00024,2.43629,0.77434,3.43993,0.33143,2.30275,0.01417,0.87357,0.25842,0.0,0.10719,0.68285,0.0,0.0,0.0,0.53975,0.69178,0.0,0.0
0.3342,0.00124,0.00512,0.82582,0.00026,2.2402,0.70848,3.20975,0.30574,3.26072,0.01291,0.9,0.26795,0.0,0.10548,0.78376,0.0,0.0,0.0,0.33613,0.59669,0.0,0.0
0.31872,0.00159,0.00653,0.8819,0.00016,1.8894,0.9123,2.93479,0.34223,2.06317,0.01417,0.82808,0.2848,0.0,0.12154,0.68109,0.0,0.0,0.0,0.47443,0.63795,0.0,0.0
0.36832,0.00105,0.00554,0.80644,0.00027,2.47864,0.72228,3.47315,0.29824,3.32808,0.01288,0.89092,0.25059,0.0,0.10613,0.78607,0.0,0.0,0.0,0.3503,0.65023,0.0,0.0
0.36345,0.00113,0.0061,0.79857,0.00027,2.9502,0.66707,3.47315,0.29911,3.49425,0.01353,0.85256,0.2246,0.0,0.09749,0.77388,0.0,0.0,0.0,0.30078,0.64963,0.0,0.0
0.35147,0.0011,0.00559,0.81347,0.00019,1.98892,0.69858,2.74791,0.39347,2.36179,0.01341,0.79556,0.2607,0.0,0.09106,0.78787,0.0,0.0,0.0,0.3808,0.68839,0.0,0.0
0.38755,0.00105,0.00554,0.80552,0.00027,2.47596,0.7247,3.47304,0.29911,3.33718,0.01288,0.88626,0.25115,0.0,0.10608,0.78376,0.0,0.0,0.0,0.35083,0.64648,0.0,0.0
0.35054,0.00107,0.00561,0.79905,0.00027,2.45694,0.7066,3.3788,0.29916,3.32579,0.01283,0.88022,0.25695,0.0,0.09805,0.7866,0.0,0.0,0.0,0.35164,0.64963,0.0,0.0
0.36135,0.00103,0.00554,0.80832,0.00023,2.66266,0.57881,3.06014,0.261,3.60333,0.01561,0.9,0.3383,0.0,0.11005,0.77773,0.0,0.0,0.0,0.35497,0.6521,0.0,0.0
0.38562,0.00105,0.00557,0.80393,0.00027,2.48591,0.72493,3.44185,0.29911,3.32579,0.01295,0.88144,0.2522,0.0,0.10599,0.78229,0.0,0.0,0.0,0.35045,0.64963,0.0,0.0
0.35728,0.00106,0.00523,0.81788,0.0003,2.78355,0.74965,3.33214,0.26088,3.33718,0.01354,0.87187,0.25342,0.0,0.10208,0.78368,0.0,0.0,0.0,0.35808,0.65691,0.0,0.0
0.37162,0.00114,0.00463,0.81217,0.00027,2.47912,0.58426,2.12798,0.29911,3.30044,0.01094,0.88608,0.19452,0.0,0.08259,0.78376,0.0,0.0,0.0,0.35045,0.64963,0.0,0.0
0.34558,0.00127,0.00533,0.80168,0.00027,2.36324,0.64388,3.65095,0.27541,3.31923,0.01386,0.9,0.25115,0.0,0.10478,0.83201,0.0,0.0,0.0,0.36313,0.62036,0.0,0.0
0.35691,0.00105,0.00559,0.80569,0.00027,2.47912,0.90735,3.92941,0.27888,3.34099,0.01291,0.84284,0.22503,0.0,0.12732,0.63412,0.0,0.0,0.0,0.30292,0.77247,0.0,0.0
0.37325,0.00098,0.00554,0.81148,0.00027,2.39831,0.74508,3.38132,0.28511,3.26944,0.01159,0.88626,0.23523,0.0,0.11229,0.78902,0.0,0.0,0.0,0.35638,0.67243,0.0,0.0
0.3542,0.00112,0.00549,0.80569,0.00027,2.32014,0.72036,3.47315,0.29911,3.64949,0.01494,0.88608,0.25115,0.0,0.10608,0.69117,0.0,0.0,0.0,0.35045,0.73636,0.0,0.0
0.35265,0.00105,0.00567,0.81037,0.00028,2.47912,0.72036,3.47089,0.29911,3.49394,0.01255,0.9,0.25115,0.0,0.10467,0.7642,0.0,0.0,0.0,0.34812,0.65696,0.0,0.0
0.34796,0.00112,0.00609,0.7,0.00025,2.66765,0.77167,4.71358,0.33044,3.32579,0.01359,0.9,0.22701,0.0,0.11125,0.81982,0.0,0.0,0.0,0.33949,0.65824,0.0,0.0
0.3892,0.00115,0.00518,0.80748,0.00027,2.47912,0.72036,3.5612,0.29065,3.27776,0.01307,0.8572,0.23948,0.0,0.10473,0.78376,0.0,0.0,0.0,0.37026,0.64963,0.0,0.0
0.3774,0.00102,0.00486,0.81285,0.00027,2.64987,0.72036,3.84094,0.33131,3.66267,0.01279,0.83642,0.24587,0.0,0.10608,0.82228,0.0,0.0,0.0,0.35304,0.64963,0.0,0.0
0.36175,0.00105,0.00558,0.80368,0.00027,2.51771,0.71386,3.48733,0.29911,3.30133,0.0129,0.8957,0.24999,0.0,0.10764,0.77091,0.0,0.0,0.0,0.35191,0.64648,0.0,0.0
0.34954,0.00109,0.00503,0.80501,0.00027,2.47912,0.71524,3.5612,0.27275,3.64431,0.01257,0.86907,0.23948,0.0,0.09952,0.74214,0.0,0.0,0.0,0.41838,0.66847,0.0,0.0
0.34414,0.00103,0.00486,0.80914,0.00027,2.47596,0.60851,3.73581,0.26279,3.13574,0.01104,0.88626,0.25384,0.0,0.08844,0.75131,0.0,0.0,0.0,0.37092,0.62198,0.0,0.0
0.33549,0.00098,0.00553,0.85636,0.0002,2.86291,0.73902,3.95453,0.31341,3.30388,0.01138,0.85096,0.22895,0.0,0.10229,0.8523,0.0,0.0,0.0,0.35045,0.6641,0.0,0.0
0.3692,0.00118,0.00435,0.80569,0.00034,2.70243,0.69331,3.47315,0.29911,3.32579,0.0142,0.9,0.248,0.0,0.12207,0.78376,0.0,0.0,0.0,0.35045,0.63544,0.0,0.0
0.34657,0.00118,0.00593,0.85374,0.00021,2.39249,0.76605,3.5612,0.29065,3.2418,0.0138,0.9,0.25854,0.0,0.08878,0.80889,0.0,0.0,0.0,0.39293,0.56314,0.0,0.0
0.33959,0.00117,0.00518,0.81862,0.00027,2.47912,0.72036,3.5612,0.28657,3.18016,0.01395,0.87666,0.23394,0.0,0.10558,0.79405,0.0,0.0,0.0,0.37026,0.6749,0.0,0.0
0.36064,0.00115,0.00536,0.80954,0.00025,2.46213,0.71813,3.5612,0.29065,3.32425,0.01383,0.9,0.25157,0.0,0.10198,0.80205,0.0,0.0,0.0,0.37057,0.64963,0.0,0.0
0.35079,0.00088,0.00797,0.81242,0.00026,2.67092,0.63152,3.9625,0.26637,2.73691,0.01319,0.9,0.24765,0.0,0.12804,0.71247,0.0,0.0,0.0,0.35115,0.75059,0.0,0.0
